kode;wilayah;jumlah_sampel;persentase_miskin;inclusion_error;exclusion_error;rmse;metode_terbaik
1101;Aceh;205;25.8;17.9;16;0.561;Metode A
1102;Sumatera Utara;227;17.4;28.2;19.3;0.399;Metode D
1103;Sumatera Barat;75;9.54;21;16.2;0.504;Metode B
1104;Riau;362;18.43;29;26.5;0.467;Metode B
1105;Jambi;63;16.8;12.7;23.4;0.499;Metode C
1106;Sumatera Selatan;326;22.77;13.6;26.6;0.521;Metode C
1107;Bengkulu;89;16.6;11.3;16.2;0.425;Metode D
1108;Lampung;200;14.71;28.5;22.2;0.435;Metode B
1109;Bangka Belitung;397;21.94;11.6;21;0.489;Metode C
1110;Kepulauan Riau;269;10.62;29.6;17.4;0.472;Metode C
1111;DKI Jakarta;117;25.47;18.4;34.2;0.397;Metode C
1112;Jawa Barat;214;19.99;21.9;26.6;0.48;Metode A
1113;Jawa Tengah;178;14.9;23.3;16.2;0.534;Metode D
1114;DI Yogyakarta;185;20.48;27.7;21.9;0.587;Metode C
1115;Jawa Timur;126;18.05;19.9;19.4;0.443;Metode B
1116;Banten;243;12.99;27.4;16.6;0.479;Metode C
1117;Bali;110;22.84;27.3;20.6;0.471;Metode C
1118;Nusa Tenggara Barat;389;24.34;29.2;18;0.419;Metode B
1171;Nusa Tenggara Timur;377;9.37;19.7;26.8;0.438;Metode A
1172;Kalimantan Barat;114;13.64;17.4;26.3;0.59;Metode A
1173;Kalimantan Tengah;273;24.69;25.6;32.5;0.556;Metode D
1174;Kalimantan Selatan;243;13.18;12.1;27.7;0.394;Metode A
1175;Kalimantan Timur;146;14.13;12.2;27;0.403;Metode B
1201;Kalimantan Utara;314;6.33;17.3;15.5;0.572;Metode D
1202;Sulawesi Utara;116;18.59;29.1;27;0.484;Metode A
1203;Sulawesi Tengah;289;26.84;19.3;24.7;0.399;Metode A
1204;Sulawesi Selatan;215;21.03;19.6;28.8;0.494;Metode B
1205;Sulawesi Tenggara;310;12.32;23.8;33.3;0.547;Metode C
1206;Gorontalo;369;23.86;23.9;20.2;0.461;Metode B
1207;Sulawesi Barat;222;21.75;20.7;30.6;0.453;Metode B
1208;Maluku;353;22.66;29.7;32.1;0.557;Metode D
1209;Maluku Utara;156;8.6;19.9;29.6;0.598;Metode C
1210;Papua;281;9.96;23.9;34.1;0.478;Metode C
1211;Papua Barat;226;5.85;12;24.4;0.454;Metode D
1212;Aceh;265.8716578;15.24144385;21.42834225;29.4368984;0.495850267;Metode A
1213;Sumatera Utara;267.9903743;15.12671963;21.43483575;29.74270435;0.496520703;Metode D
1214;Sumatera Barat;270.1090909;15.01199542;21.44132926;30.04851031;0.497191138;Metode B
1215;Riau;272.2278075;14.8972712;21.44782277;30.35431627;0.497861574;Metode B
1216;Jambi;274.3465241;14.78254698;21.45431627;30.66012223;0.498532009;Metode C
1217;Sumatera Selatan;276.4652406;14.66782277;21.46080978;30.96592819;0.499202445;Metode C
1218;Bengkulu;278.5839572;14.55309855;21.46730328;31.27173415;0.49987288;Metode D
1219;Lampung;280.7026738;14.43837433;21.47379679;31.57754011;0.500543316;Metode B
1220;Bangka Belitung;282.8213904;14.32365011;21.4802903;31.88334607;0.501213751;Metode C
1221;Kepulauan Riau;284.940107;14.2089259;21.4867838;32.18915202;0.501884186;Metode C
1222;DKI Jakarta;287.0588235;14.09420168;21.49327731;32.49495798;0.502554622;Metode C
1223;Jawa Barat;289.1775401;13.97947746;21.49977082;32.80076394;0.503225057;Metode A
1224;Jawa Tengah;291.2962567;13.86475325;21.50626432;33.1065699;0.503895493;Metode D
1225;DI Yogyakarta;293.4149733;13.75002903;21.51275783;33.41237586;0.504565928;Metode C
1271;Jawa Timur;295.5336898;13.63530481;21.51925134;33.71818182;0.505236364;Metode B
1272;Banten;297.6524064;13.5205806;21.52574484;34.02398778;0.505906799;Metode C
1273;Bali;299.771123;13.40585638;21.53223835;34.32979374;0.506577235;Metode C
1274;Nusa Tenggara Barat;301.8898396;13.29113216;21.53873186;34.63559969;0.50724767;Metode B
1275;Nusa Tenggara Timur;304.0085561;13.17640794;21.54522536;34.94140565;0.507918105;Metode A
1276;Kalimantan Barat;306.1272727;13.06168373;21.55171887;35.24721161;0.508588541;Metode A
1277;Kalimantan Tengah;308.2459893;12.94695951;21.55821238;35.55301757;0.509258976;Metode D
1278;Kalimantan Selatan;310.3647059;12.83223529;21.56470588;35.85882353;0.509929412;Metode A
1301;Kalimantan Timur;312.4834225;12.71751108;21.57119939;36.16462949;0.510599847;Metode B
1302;Kalimantan Utara;314.602139;12.60278686;21.5776929;36.47043545;0.511270283;Metode D
1303;Sulawesi Utara;316.7208556;12.48806264;21.5841864;36.77624141;0.511940718;Metode A
1304;Sulawesi Tengah;318.8395722;12.37333843;21.59067991;37.08204736;0.512611154;Metode A
1305;Sulawesi Selatan;320.9582888;12.25861421;21.59717341;37.38785332;0.513281589;Metode B
1306;Sulawesi Tenggara;323.0770053;12.14388999;21.60366692;37.69365928;0.513952024;Metode C
1307;Gorontalo;325.1957219;12.02916578;21.61016043;37.99946524;0.51462246;Metode B
1308;Sulawesi Barat;327.3144385;11.91444156;21.61665393;38.3052712;0.515292895;Metode B
1309;Maluku;329.4331551;11.79971734;21.62314744;38.61107716;0.515963331;Metode D
1310;Maluku Utara;331.5518717;11.68499312;21.62964095;38.91688312;0.516633766;Metode C
1311;Papua;333.6705882;11.57026891;21.63613445;39.22268908;0.517304202;Metode C
1312;Papua Barat;335.7893048;11.45554469;21.64262796;39.52849503;0.517974637;Metode D
1371;Aceh;337.9080214;11.34082047;21.64912147;39.83430099;0.518645073;Metode A
1372;Sumatera Utara;340.026738;11.22609626;21.65561497;40.14010695;0.519315508;Metode D
1373;Sumatera Barat;342.1454545;11.11137204;21.66210848;40.44591291;0.519985943;Metode B
1374;Riau;344.2641711;10.99664782;21.66860199;40.75171887;0.520656379;Metode B
1375;Jambi;346.3828877;10.88192361;21.67509549;41.05752483;0.521326814;Metode C
1376;Sumatera Selatan;348.5016043;10.76719939;21.681589;41.36333079;0.52199725;Metode C
1377;Bengkulu;350.6203209;10.65247517;21.68808251;41.66913675;0.522667685;Metode D
1401;Lampung;352.7390374;10.53775095;21.69457601;41.9749427;0.523338121;Metode B
1402;Bangka Belitung;354.857754;10.42302674;21.70106952;42.28074866;0.524008556;Metode C
1403;Kepulauan Riau;356.9764706;10.30830252;21.70756303;42.58655462;0.524678992;Metode C
1404;DKI Jakarta;359.0951872;10.1935783;21.71405653;42.89236058;0.525349427;Metode C
1405;Jawa Barat;361.2139037;10.07885409;21.72055004;43.19816654;0.526019862;Metode A
1406;Jawa Tengah;363.3326203;9.96412987;21.72704354;43.5039725;0.526690298;Metode D
1407;DI Yogyakarta;365.4513369;9.849405653;21.73353705;43.80977846;0.527360733;Metode C
1408;Jawa Timur;367.5700535;9.734681436;21.74003056;44.11558442;0.528031169;Metode B
1409;Banten;369.6887701;9.619957219;21.74652406;44.42139037;0.528701604;Metode C
1410;Bali;371.8074866;9.505233002;21.75301757;44.72719633;0.52937204;Metode C
1471;Nusa Tenggara Barat;373.9262032;9.390508785;21.75951108;45.03300229;0.530042475;Metode B
1472;Nusa Tenggara Timur;376.0449198;9.275784568;21.76600458;45.33880825;0.530712911;Metode A
1501;Kalimantan Barat;378.1636364;9.161060351;21.77249809;45.64461421;0.531383346;Metode A
1502;Kalimantan Tengah;380.2823529;9.046336134;21.7789916;45.95042017;0.532053782;Metode D
1503;Kalimantan Selatan;382.4010695;8.931611917;21.7854851;46.25622613;0.532724217;Metode A
1504;Kalimantan Timur;384.5197861;8.816887701;21.79197861;46.56203209;0.533394652;Metode B
1505;Kalimantan Utara;386.6385027;8.702163484;21.79847212;46.86783804;0.534065088;Metode D
1506;Sulawesi Utara;388.7572193;8.587439267;21.80496562;47.173644;0.534735523;Metode A
1507;Sulawesi Tengah;390.8759358;8.47271505;21.81145913;47.47944996;0.535405959;Metode A
1508;Sulawesi Selatan;392.9946524;8.357990833;21.81795264;47.78525592;0.536076394;Metode B
1509;Sulawesi Tenggara;395.113369;8.243266616;21.82444614;48.09106188;0.53674683;Metode C
1571;Gorontalo;397.2320856;8.128542399;21.83093965;48.39686784;0.537417265;Metode B
1572;Sulawesi Barat;399.3508021;8.013818182;21.83743316;48.7026738;0.538087701;Metode B
1601;Maluku;401.4695187;7.899093965;21.84392666;49.00847976;0.538758136;Metode D
1602;Maluku Utara;403.5882353;7.784369748;21.85042017;49.31428571;0.539428571;Metode C
1603;Papua;405.7069519;7.669645531;21.85691367;49.62009167;0.540099007;Metode C
1604;Papua Barat;407.8256684;7.554921314;21.86340718;49.92589763;0.540769442;Metode D
1605;Aceh;409.944385;7.440197097;21.86990069;50.23170359;0.541439878;Metode A
1606;Sumatera Utara;412.0631016;7.32547288;21.87639419;50.53750955;0.542110313;Metode D
1607;Sumatera Barat;414.1818182;7.210748663;21.8828877;50.84331551;0.542780749;Metode B
1608;Riau;416.3005348;7.096024446;21.88938121;51.14912147;0.543451184;Metode B
1609;Jambi;418.4192513;6.981300229;21.89587471;51.45492743;0.54412162;Metode C
1610;Sumatera Selatan;420.5379679;6.866576012;21.90236822;51.76073338;0.544792055;Metode C
1611;Bengkulu;422.6566845;6.751851795;21.90886173;52.06653934;0.54546249;Metode D
1612;Lampung;424.7754011;6.637127578;21.91535523;52.3723453;0.546132926;Metode B
1613;Bangka Belitung;426.8941176;6.522403361;21.92184874;52.67815126;0.546803361;Metode C
1671;Kepulauan Riau;429.0128342;6.407679144;21.92834225;52.98395722;0.547473797;Metode C
1672;DKI Jakarta;431.1315508;6.292954927;21.93483575;53.28976318;0.548144232;Metode C
1673;Jawa Barat;433.2502674;6.17823071;21.94132926;53.59556914;0.548814668;Metode A
1674;Jawa Tengah;435.368984;6.063506494;21.94782277;53.9013751;0.549485103;Metode D
1701;DI Yogyakarta;437.4877005;5.948782277;21.95431627;54.20718105;0.550155539;Metode C
1702;Jawa Timur;439.6064171;5.83405806;21.96080978;54.51298701;0.550825974;Metode B
1703;Banten;441.7251337;5.719333843;21.96730328;54.81879297;0.551496409;Metode C
1704;Bali;443.8438503;5.604609626;21.97379679;55.12459893;0.552166845;Metode C
1705;Nusa Tenggara Barat;445.9625668;5.489885409;21.9802903;55.43040489;0.55283728;Metode B
1706;Nusa Tenggara Timur;448.0812834;5.375161192;21.9867838;55.73621085;0.553507716;Metode A
1707;Kalimantan Barat;450.2;5.260436975;21.99327731;56.04201681;0.554178151;Metode A
1708;Kalimantan Tengah;452.3187166;5.145712758;21.99977082;56.34782277;0.554848587;Metode D
1709;Kalimantan Selatan;454.4374332;5.030988541;22.00626432;56.65362872;0.555519022;Metode A
1771;Kalimantan Timur;456.5561497;4.916264324;22.01275783;56.95943468;0.556189458;Metode B
1801;Kalimantan Utara;458.6748663;4.801540107;22.01925134;57.26524064;0.556859893;Metode D
1802;Sulawesi Utara;460.7935829;4.68681589;22.02574484;57.5710466;0.557530328;Metode A
1803;Sulawesi Tengah;462.9122995;4.572091673;22.03223835;57.87685256;0.558200764;Metode A
1804;Sulawesi Selatan;465.031016;4.457367456;22.03873186;58.18265852;0.558871199;Metode B
1805;Sulawesi Tenggara;467.1497326;4.342643239;22.04522536;58.48846448;0.559541635;Metode C
1806;Gorontalo;469.2684492;4.227919022;22.05171887;58.79427044;0.56021207;Metode B
1807;Sulawesi Barat;471.3871658;4.113194805;22.05821238;59.10007639;0.560882506;Metode B
1808;Maluku;473.5058824;3.998470588;22.06470588;59.40588235;0.561552941;Metode D
1809;Maluku Utara;475.6245989;3.883746371;22.07119939;59.71168831;0.562223377;Metode C
1810;Papua;477.7433155;3.769022154;22.0776929;60.01749427;0.562893812;Metode C
1811;Papua Barat;479.8620321;3.654297937;22.0841864;60.32330023;0.563564248;Metode D
1812;Aceh;481.9807487;3.53957372;22.09067991;60.62910619;0.564234683;Metode A
1813;Sumatera Utara;484.0994652;3.424849503;22.09717341;60.93491215;0.564905118;Metode D
1871;Sumatera Barat;486.2181818;3.310125286;22.10366692;61.24071811;0.565575554;Metode B
1872;Riau;488.3368984;3.19540107;22.11016043;61.54652406;0.566245989;Metode B
1901;Jambi;490.455615;3.080676853;22.11665393;61.85233002;0.566916425;Metode C
1902;Sumatera Selatan;492.5743316;2.965952636;22.12314744;62.15813598;0.56758686;Metode C
1903;Bengkulu;494.6930481;2.851228419;22.12964095;62.46394194;0.568257296;Metode D
1904;Lampung;496.8117647;2.736504202;22.13613445;62.7697479;0.568927731;Metode B
1905;Bangka Belitung;498.9304813;2.621779985;22.14262796;63.07555386;0.569598167;Metode C
1906;Kepulauan Riau;501.0491979;2.507055768;22.14912147;63.38135982;0.570268602;Metode C
1971;DKI Jakarta;503.1679144;2.392331551;22.15561497;63.68716578;0.570939037;Metode C
2101;Jawa Barat;505.286631;2.277607334;22.16210848;63.99297173;0.571609473;Metode A
2102;Jawa Tengah;507.4053476;2.162883117;22.16860199;64.29877769;0.572279908;Metode D
2103;DI Yogyakarta;509.5240642;2.0481589;22.17509549;64.60458365;0.572950344;Metode C
2104;Jawa Timur;511.6427807;1.933434683;22.181589;64.91038961;0.573620779;Metode B
2105;Banten;513.7614973;1.818710466;22.18808251;65.21619557;0.574291215;Metode C
2171;Bali;515.8802139;1.703986249;22.19457601;65.52200153;0.57496165;Metode C
2172;Nusa Tenggara Barat;517.9989305;1.589262032;22.20106952;65.82780749;0.575632086;Metode B
3101;Nusa Tenggara Timur;520.1176471;1.474537815;22.20756303;66.13361345;0.576302521;Metode A
3171;Kalimantan Barat;522.2363636;1.359813598;22.21405653;66.4394194;0.576972956;Metode A
3172;Kalimantan Tengah;524.3550802;1.245089381;22.22055004;66.74522536;0.577643392;Metode D
3173;Kalimantan Selatan;526.4737968;1.130365164;22.22704354;67.05103132;0.578313827;Metode A
3174;Kalimantan Timur;528.5925134;1.015640947;22.23353705;67.35683728;0.578984263;Metode B
3175;Kalimantan Utara;530.7112299;0.90091673;22.24003056;67.66264324;0.579654698;Metode D
3201;Sulawesi Utara;532.8299465;0.786192513;22.24652406;67.9684492;0.580325134;Metode A
3202;Sulawesi Tengah;534.9486631;0.671468296;22.25301757;68.27425516;0.580995569;Metode A
3203;Sulawesi Selatan;537.0673797;0.556744079;22.25951108;68.58006112;0.581666005;Metode B
3204;Sulawesi Tenggara;539.1860963;0.442019862;22.26600458;68.88586707;0.58233644;Metode C
3205;Gorontalo;541.3048128;0.327295646;22.27249809;69.19167303;0.583006875;Metode B
3206;Sulawesi Barat;543.4235294;0.212571429;22.2789916;69.49747899;0.583677311;Metode B
3207;Maluku;545.542246;0.097847212;22.2854851;69.80328495;0.584347746;Metode D
3208;Maluku Utara;547.6609626;-0.016877005;22.29197861;70.10909091;0.585018182;Metode C
3209;Papua;549.7796791;-0.131601222;22.29847212;70.41489687;0.585688617;Metode C
3210;Papua Barat;551.8983957;-0.246325439;22.30496562;70.72070283;0.586359053;Metode D
3211;Aceh;554.0171123;-0.361049656;22.31145913;71.02650879;0.587029488;Metode A
3212;Sumatera Utara;556.1358289;-0.475773873;22.31795264;71.33231474;0.587699924;Metode D
3213;Sumatera Barat;558.2545455;-0.59049809;22.32444614;71.6381207;0.588370359;Metode B
3214;Riau;560.373262;-0.705222307;22.33093965;71.94392666;0.589040794;Metode B
3215;Jambi;562.4919786;-0.819946524;22.33743316;72.24973262;0.58971123;Metode C
3216;Sumatera Selatan;564.6106952;-0.934670741;22.34392666;72.55553858;0.590381665;Metode C
3217;Bengkulu;566.7294118;-1.049394958;22.35042017;72.86134454;0.591052101;Metode D
3218;Lampung;568.8481283;-1.164119175;22.35691367;73.1671505;0.591722536;Metode B
3271;Bangka Belitung;570.9668449;-1.278843392;22.36340718;73.47295646;0.592392972;Metode C
3272;Kepulauan Riau;573.0855615;-1.393567609;22.36990069;73.77876241;0.593063407;Metode C
3273;DKI Jakarta;575.2042781;-1.508291826;22.37639419;74.08456837;0.593733843;Metode C
3274;Jawa Barat;577.3229947;-1.623016043;22.3828877;74.39037433;0.594404278;Metode A
3275;Jawa Tengah;579.4417112;-1.73774026;22.38938121;74.69618029;0.595074714;Metode D
3276;DI Yogyakarta;581.5604278;-1.852464477;22.39587471;75.00198625;0.595745149;Metode C
3277;Jawa Timur;583.6791444;-1.967188694;22.40236822;75.30779221;0.596415584;Metode B
3278;Banten;585.797861;-2.081912911;22.40886173;75.61359817;0.59708602;Metode C
3279;Bali;587.9165775;-2.196637128;22.41535523;75.91940413;0.597756455;Metode C
3301;Nusa Tenggara Barat;590.0352941;-2.311361345;22.42184874;76.22521008;0.598426891;Metode B
3302;Nusa Tenggara Timur;592.1540107;-2.426085561;22.42834225;76.53101604;0.599097326;Metode A
3303;Kalimantan Barat;594.2727273;-2.540809778;22.43483575;76.836822;0.599767762;Metode A
3304;Kalimantan Tengah;596.3914439;-2.655533995;22.44132926;77.14262796;0.600438197;Metode D
3305;Kalimantan Selatan;598.5101604;-2.770258212;22.44782277;77.44843392;0.601108633;Metode A
3306;Kalimantan Timur;600.628877;-2.884982429;22.45431627;77.75423988;0.601779068;Metode B
3307;Kalimantan Utara;602.7475936;-2.999706646;22.46080978;78.06004584;0.602449503;Metode D
3308;Sulawesi Utara;604.8663102;-3.114430863;22.46730328;78.3658518;0.603119939;Metode A
3309;Sulawesi Tengah;606.9850267;-3.22915508;22.47379679;78.67165775;0.603790374;Metode A
3310;Sulawesi Selatan;609.1037433;-3.343879297;22.4802903;78.97746371;0.60446081;Metode B
3311;Sulawesi Tenggara;611.2224599;-3.458603514;22.4867838;79.28326967;0.605131245;Metode C
3312;Gorontalo;613.3411765;-3.573327731;22.49327731;79.58907563;0.605801681;Metode B
3313;Sulawesi Barat;615.459893;-3.688051948;22.49977082;79.89488159;0.606472116;Metode B
3314;Maluku;617.5786096;-3.802776165;22.50626432;80.20068755;0.607142552;Metode D
3315;Maluku Utara;619.6973262;-3.917500382;22.51275783;80.50649351;0.607812987;Metode C
3316;Papua;621.8160428;-4.032224599;22.51925134;80.81229947;0.608483422;Metode C
3317;Papua Barat;623.9347594;-4.146948816;22.52574484;81.11810542;0.609153858;Metode D
3318;Aceh;626.0534759;-4.261673033;22.53223835;81.42391138;0.609824293;Metode A
3319;Sumatera Utara;628.1721925;-4.37639725;22.53873186;81.72971734;0.610494729;Metode D
3320;Sumatera Barat;630.2909091;-4.491121467;22.54522536;82.0355233;0.611165164;Metode B
3321;Riau;632.4096257;-4.605845684;22.55171887;82.34132926;0.6118356;Metode B
3322;Jambi;634.5283422;-4.720569901;22.55821238;82.64713522;0.612506035;Metode C
3323;Sumatera Selatan;636.6470588;-4.835294118;22.56470588;82.95294118;0.613176471;Metode C
3324;Bengkulu;638.7657754;-4.950018335;22.57119939;83.25874714;0.613846906;Metode D
3325;Lampung;640.884492;-5.064742552;22.5776929;83.56455309;0.614517341;Metode B
3326;Bangka Belitung;643.0032086;-5.179466769;22.5841864;83.87035905;0.615187777;Metode C
3327;Kepulauan Riau;645.1219251;-5.294190985;22.59067991;84.17616501;0.615858212;Metode C
3328;DKI Jakarta;647.2406417;-5.408915202;22.59717341;84.48197097;0.616528648;Metode C
3329;Jawa Barat;649.3593583;-5.523639419;22.60366692;84.78777693;0.617199083;Metode A
3371;Jawa Tengah;651.4780749;-5.638363636;22.61016043;85.09358289;0.617869519;Metode D
3372;DI Yogyakarta;653.5967914;-5.753087853;22.61665393;85.39938885;0.618539954;Metode C
3373;Jawa Timur;655.715508;-5.86781207;22.62314744;85.70519481;0.61921039;Metode B
3374;Banten;657.8342246;-5.982536287;22.62964095;86.01100076;0.619880825;Metode C
3375;Bali;659.9529412;-6.097260504;22.63613445;86.31680672;0.620551261;Metode C
3376;Nusa Tenggara Barat;662.0716578;-6.211984721;22.64262796;86.62261268;0.621221696;Metode B
3401;Nusa Tenggara Timur;664.1903743;-6.326708938;22.64912147;86.92841864;0.621892131;Metode A
3402;Kalimantan Barat;666.3090909;-6.441433155;22.65561497;87.2342246;0.622562567;Metode A
3403;Kalimantan Tengah;668.4278075;-6.556157372;22.66210848;87.54003056;0.623233002;Metode D
3404;Kalimantan Selatan;670.5465241;-6.670881589;22.66860199;87.84583652;0.623903438;Metode A
3471;Kalimantan Timur;672.6652406;-6.785605806;22.67509549;88.15164248;0.624573873;Metode B
3501;Kalimantan Utara;674.7839572;-6.900330023;22.681589;88.45744843;0.625244309;Metode D
3502;Sulawesi Utara;676.9026738;-7.01505424;22.68808251;88.76325439;0.625914744;Metode A
3503;Sulawesi Tengah;679.0213904;-7.129778457;22.69457601;89.06906035;0.62658518;Metode A
3504;Sulawesi Selatan;681.140107;-7.244502674;22.70106952;89.37486631;0.627255615;Metode B
3505;Sulawesi Tenggara;683.2588235;-7.359226891;22.70756303;89.68067227;0.62792605;Metode C
3506;Gorontalo;685.3775401;-7.473951108;22.71405653;89.98647823;0.628596486;Metode B
3507;Sulawesi Barat;687.4962567;-7.588675325;22.72055004;90.29228419;0.629266921;Metode B
3508;Maluku;689.6149733;-7.703399542;22.72704354;90.59809015;0.629937357;Metode D
3509;Maluku Utara;691.7336898;-7.818123759;22.73353705;90.9038961;0.630607792;Metode C
3510;Papua;693.8524064;-7.932847976;22.74003056;91.20970206;0.631278228;Metode C
3511;Papua Barat;695.971123;-8.047572193;22.74652406;91.51550802;0.631948663;Metode D
3512;Aceh;698.0898396;-8.162296409;22.75301757;91.82131398;0.632619099;Metode A
3513;Sumatera Utara;700.2085561;-8.277020626;22.75951108;92.12711994;0.633289534;Metode D
3514;Sumatera Barat;702.3272727;-8.391744843;22.76600458;92.4329259;0.633959969;Metode B
3515;Riau;704.4459893;-8.50646906;22.77249809;92.73873186;0.634630405;Metode B
3516;Jambi;706.5647059;-8.621193277;22.7789916;93.04453782;0.63530084;Metode C
3517;Sumatera Selatan;708.6834225;-8.735917494;22.7854851;93.35034377;0.635971276;Metode C
3518;Bengkulu;710.802139;-8.850641711;22.79197861;93.65614973;0.636641711;Metode D
3519;Lampung;712.9208556;-8.965365928;22.79847212;93.96195569;0.637312147;Metode B
3520;Bangka Belitung;715.0395722;-9.080090145;22.80496562;94.26776165;0.637982582;Metode C
3521;Kepulauan Riau;717.1582888;-9.194814362;22.81145913;94.57356761;0.638653018;Metode C
3522;DKI Jakarta;719.2770053;-9.309538579;22.81795264;94.87937357;0.639323453;Metode C
3523;Jawa Barat;721.3957219;-9.424262796;22.82444614;95.18517953;0.639993888;Metode A
3524;Jawa Tengah;723.5144385;-9.538987013;22.83093965;95.49098549;0.640664324;Metode D
3525;DI Yogyakarta;725.6331551;-9.65371123;22.83743316;95.79679144;0.641334759;Metode C
3526;Jawa Timur;727.7518717;-9.768435447;22.84392666;96.1025974;0.642005195;Metode B
3527;Banten;729.8705882;-9.883159664;22.85042017;96.40840336;0.64267563;Metode C
3528;Bali;731.9893048;-9.997883881;22.85691367;96.71420932;0.643346066;Metode C
3529;Nusa Tenggara Barat;734.1080214;-10.1126081;22.86340718;97.02001528;0.644016501;Metode B
3571;Nusa Tenggara Timur;736.226738;-10.22733231;22.86990069;97.32582124;0.644686937;Metode A
3572;Kalimantan Barat;738.3454545;-10.34205653;22.87639419;97.6316272;0.645357372;Metode A
3573;Kalimantan Tengah;740.4641711;-10.45678075;22.8828877;97.93743316;0.646027807;Metode D
3574;Kalimantan Selatan;742.5828877;-10.57150497;22.88938121;98.24323911;0.646698243;Metode A
3575;Kalimantan Timur;744.7016043;-10.68622918;22.89587471;98.54904507;0.647368678;Metode B
3576;Kalimantan Utara;746.8203209;-10.8009534;22.90236822;98.85485103;0.648039114;Metode D
3577;Sulawesi Utara;748.9390374;-10.91567762;22.90886173;99.16065699;0.648709549;Metode A
3578;Sulawesi Tengah;751.057754;-11.03040183;22.91535523;99.46646295;0.649379985;Metode A
3579;Sulawesi Selatan;753.1764706;-11.14512605;22.92184874;99.77226891;0.65005042;Metode B
3601;Sulawesi Tenggara;755.2951872;-11.25985027;22.92834225;100.0780749;0.650720856;Metode C
3602;Gorontalo;757.4139037;-11.37457448;22.93483575;100.3838808;0.651391291;Metode B
3603;Sulawesi Barat;759.5326203;-11.4892987;22.94132926;100.6896868;0.652061727;Metode B
3604;Maluku;761.6513369;-11.60402292;22.94782277;100.9954927;0.652732162;Metode D
3671;Maluku Utara;763.7700535;-11.71874714;22.95431627;101.3012987;0.653402597;Metode C
3672;Papua;765.8887701;-11.83347135;22.96080978;101.6071047;0.654073033;Metode C
3673;Papua Barat;768.0074866;-11.94819557;22.96730328;101.9129106;0.654743468;Metode D
3674;Aceh;770.1262032;-12.06291979;22.97379679;102.2187166;0.655413904;Metode A
5101;Sumatera Utara;772.2449198;-12.177644;22.9802903;102.5245225;0.656084339;Metode D
5102;Sumatera Barat;774.3636364;-12.29236822;22.9867838;102.8303285;0.656754775;Metode B
5103;Riau;776.4823529;-12.40709244;22.99327731;103.1361345;0.65742521;Metode B
5104;Jambi;778.6010695;-12.52181665;22.99977082;103.4419404;0.658095646;Metode C
5105;Sumatera Selatan;780.7197861;-12.63654087;23.00626432;103.7477464;0.658766081;Metode C
5106;Bengkulu;782.8385027;-12.75126509;23.01275783;104.0535523;0.659436516;Metode D
5107;Lampung;784.9572193;-12.8659893;23.01925134;104.3593583;0.660106952;Metode B
5108;Bangka Belitung;787.0759358;-12.98071352;23.02574484;104.6651642;0.660777387;Metode C
5171;Kepulauan Riau;789.1946524;-13.09543774;23.03223835;104.9709702;0.661447823;Metode C
5201;DKI Jakarta;791.313369;-13.21016196;23.03873186;105.2767762;0.662118258;Metode C
5202;Jawa Barat;793.4320856;-13.32488617;23.04522536;105.5825821;0.662788694;Metode A
5203;Jawa Tengah;795.5508021;-13.43961039;23.05171887;105.8883881;0.663459129;Metode D
5204;DI Yogyakarta;797.6695187;-13.55433461;23.05821238;106.194194;0.664129565;Metode C
5205;Jawa Timur;799.7882353;-13.66905882;23.06470588;106.5;0.6648;Metode B
5206;Banten;801.9069519;-13.78378304;23.07119939;106.805806;0.665470435;Metode C
5207;Bali;804.0256684;-13.89850726;23.0776929;107.1116119;0.666140871;Metode C
5208;Nusa Tenggara Barat;806.144385;-14.01323147;23.0841864;107.4174179;0.666811306;Metode B
5271;Nusa Tenggara Timur;808.2631016;-14.12795569;23.09067991;107.7232238;0.667481742;Metode A
5272;Kalimantan Barat;810.3818182;-14.24267991;23.09717341;108.0290298;0.668152177;Metode A
5301;Kalimantan Tengah;812.5005348;-14.35740413;23.10366692;108.3348358;0.668822613;Metode D
5302;Kalimantan Selatan;814.6192513;-14.47212834;23.11016043;108.6406417;0.669493048;Metode A
5303;Kalimantan Timur;816.7379679;-14.58685256;23.11665393;108.9464477;0.670163484;Metode B
5304;Kalimantan Utara;818.8566845;-14.70157678;23.12314744;109.2522536;0.670833919;Metode D
5305;Sulawesi Utara;820.9754011;-14.81630099;23.12964095;109.5580596;0.671504354;Metode A
5306;Sulawesi Tengah;823.0941176;-14.93102521;23.13613445;109.8638655;0.67217479;Metode A
5307;Sulawesi Selatan;825.2128342;-15.04574943;23.14262796;110.1696715;0.672845225;Metode B
5308;Sulawesi Tenggara;827.3315508;-15.16047364;23.14912147;110.4754775;0.673515661;Metode C
5309;Gorontalo;829.4502674;-15.27519786;23.15561497;110.7812834;0.674186096;Metode B
5310;Sulawesi Barat;831.568984;-15.38992208;23.16210848;111.0870894;0.674856532;Metode B
5311;Maluku;833.6877005;-15.50464629;23.16860199;111.3928953;0.675526967;Metode D
5312;Maluku Utara;835.8064171;-15.61937051;23.17509549;111.6987013;0.676197403;Metode C
5313;Papua;837.9251337;-15.73409473;23.181589;112.0045073;0.676867838;Metode C
5314;Papua Barat;840.0438503;-15.84881895;23.18808251;112.3103132;0.677538273;Metode D
5315;Aceh;842.1625668;-15.96354316;23.19457601;112.6161192;0.678208709;Metode A
5316;Sumatera Utara;844.2812834;-16.07826738;23.20106952;112.9219251;0.678879144;Metode D
5317;Sumatera Barat;846.4;-16.1929916;23.20756303;113.2277311;0.67954958;Metode B
5318;Riau;848.5187166;-16.30771581;23.21405653;113.5335371;0.680220015;Metode B
5319;Jambi;850.6374332;-16.42244003;23.22055004;113.839343;0.680890451;Metode C
5320;Sumatera Selatan;852.7561497;-16.53716425;23.22704354;114.145149;0.681560886;Metode C
5321;Bengkulu;854.8748663;-16.65188846;23.23353705;114.4509549;0.682231322;Metode D
5371;Lampung;856.9935829;-16.76661268;23.24003056;114.7567609;0.682901757;Metode B
6101;Bangka Belitung;859.1122995;-16.8813369;23.24652406;115.0625668;0.683572193;Metode C
6102;Kepulauan Riau;861.231016;-16.99606112;23.25301757;115.3683728;0.684242628;Metode C
6103;DKI Jakarta;863.3497326;-17.11078533;23.25951108;115.6741788;0.684913063;Metode C
6104;Jawa Barat;865.4684492;-17.22550955;23.26600458;115.9799847;0.685583499;Metode A
6105;Jawa Tengah;867.5871658;-17.34023377;23.27249809;116.2857907;0.686253934;Metode D
6106;DI Yogyakarta;869.7058824;-17.45495798;23.2789916;116.5915966;0.68692437;Metode C
6107;Jawa Timur;871.8245989;-17.5696822;23.2854851;116.8974026;0.687594805;Metode B
6108;Banten;873.9433155;-17.68440642;23.29197861;117.2032086;0.688265241;Metode C
6109;Bali;876.0620321;-17.79913063;23.29847212;117.5090145;0.688935676;Metode C
6110;Nusa Tenggara Barat;878.1807487;-17.91385485;23.30496562;117.8148205;0.689606112;Metode B
6111;Nusa Tenggara Timur;880.2994652;-18.02857907;23.31145913;118.1206264;0.690276547;Metode A
6112;Kalimantan Barat;882.4181818;-18.14330328;23.31795264;118.4264324;0.690946982;Metode A
6171;Kalimantan Tengah;884.5368984;-18.2580275;23.32444614;118.7322383;0.691617418;Metode D
6172;Kalimantan Selatan;886.655615;-18.37275172;23.33093965;119.0380443;0.692287853;Metode A
6201;Kalimantan Timur;888.7743316;-18.48747594;23.33743316;119.3438503;0.692958289;Metode B
6202;Kalimantan Utara;890.8930481;-18.60220015;23.34392666;119.6496562;0.693628724;Metode D
6203;Sulawesi Utara;893.0117647;-18.71692437;23.35042017;119.9554622;0.69429916;Metode A
6204;Sulawesi Tengah;895.1304813;-18.83164859;23.35691367;120.2612681;0.694969595;Metode A
6205;Sulawesi Selatan;897.2491979;-18.9463728;23.36340718;120.5670741;0.695640031;Metode B
6206;Sulawesi Tenggara;899.3679144;-19.06109702;23.36990069;120.8728801;0.696310466;Metode C
6207;Gorontalo;901.486631;-19.17582124;23.37639419;121.178686;0.696980901;Metode B
6208;Sulawesi Barat;903.6053476;-19.29054545;23.3828877;121.484492;0.697651337;Metode B
6209;Maluku;905.7240642;-19.40526967;23.38938121;121.7902979;0.698321772;Metode D
6210;Maluku Utara;907.8427807;-19.51999389;23.39587471;122.0961039;0.698992208;Metode C
6211;Papua;909.9614973;-19.63471811;23.40236822;122.4019099;0.699662643;Metode C
6212;Papua Barat;912.0802139;-19.74944232;23.40886173;122.7077158;0.700333079;Metode D
6213;Aceh;914.1989305;-19.86416654;23.41535523;123.0135218;0.701003514;Metode A
6271;Sumatera Utara;916.3176471;-19.97889076;23.42184874;123.3193277;0.70167395;Metode D
6301;Sumatera Barat;918.4363636;-20.09361497;23.42834225;123.6251337;0.702344385;Metode B
6302;Riau;920.5550802;-20.20833919;23.43483575;123.9309396;0.70301482;Metode B
6303;Jambi;922.6737968;-20.32306341;23.44132926;124.2367456;0.703685256;Metode C
6304;Sumatera Selatan;924.7925134;-20.43778762;23.44782277;124.5425516;0.704355691;Metode C
6305;Bengkulu;926.9112299;-20.55251184;23.45431627;124.8483575;0.705026127;Metode D
6306;Lampung;929.0299465;-20.66723606;23.46080978;125.1541635;0.705696562;Metode B
6307;Bangka Belitung;931.1486631;-20.78196028;23.46730328;125.4599694;0.706366998;Metode C
6308;Kepulauan Riau;933.2673797;-20.89668449;23.47379679;125.7657754;0.707037433;Metode C
6309;DKI Jakarta;935.3860963;-21.01140871;23.4802903;126.0715814;0.707707869;Metode C
6310;Jawa Barat;937.5048128;-21.12613293;23.4867838;126.3773873;0.708378304;Metode A
6311;Jawa Tengah;939.6235294;-21.24085714;23.49327731;126.6831933;0.709048739;Metode D
6371;DI Yogyakarta;941.742246;-21.35558136;23.49977082;126.9889992;0.709719175;Metode C
6372;Jawa Timur;943.8609626;-21.47030558;23.50626432;127.2948052;0.71038961;Metode B
6401;Banten;945.9796791;-21.58502979;23.51275783;127.6006112;0.711060046;Metode C
6402;Bali;948.0983957;-21.69975401;23.51925134;127.9064171;0.711730481;Metode C
6403;Nusa Tenggara Barat;950.2171123;-21.81447823;23.52574484;128.2122231;0.712400917;Metode B
6404;Nusa Tenggara Timur;952.3358289;-21.92920244;23.53223835;128.518029;0.713071352;Metode A
6405;Kalimantan Barat;954.4545455;-22.04392666;23.53873186;128.823835;0.713741788;Metode A
6409;Kalimantan Tengah;956.573262;-22.15865088;23.54522536;129.1296409;0.714412223;Metode D
6411;Kalimantan Selatan;958.6919786;-22.2733751;23.55171887;129.4354469;0.715082659;Metode A
6471;Kalimantan Timur;960.8106952;-22.38809931;23.55821238;129.7412529;0.715753094;Metode B
6472;Kalimantan Utara;962.9294118;-22.50282353;23.56470588;130.0470588;0.716423529;Metode D
6474;Sulawesi Utara;965.0481283;-22.61754775;23.57119939;130.3528648;0.717093965;Metode A
6501;Sulawesi Tengah;967.1668449;-22.73227196;23.5776929;130.6586707;0.7177644;Metode A
6502;Sulawesi Selatan;969.2855615;-22.84699618;23.5841864;130.9644767;0.718434836;Metode B
6503;Sulawesi Tenggara;971.4042781;-22.9617204;23.59067991;131.2702827;0.719105271;Metode C
6504;Gorontalo;973.5229947;-23.07644461;23.59717341;131.5760886;0.719775707;Metode B
6571;Sulawesi Barat;975.6417112;-23.19116883;23.60366692;131.8818946;0.720446142;Metode B
7101;Maluku;977.7604278;-23.30589305;23.61016043;132.1877005;0.721116578;Metode D
7102;Maluku Utara;979.8791444;-23.42061727;23.61665393;132.4935065;0.721787013;Metode C
7103;Papua;981.997861;-23.53534148;23.62314744;132.7993125;0.722457448;Metode C
7104;Papua Barat;984.1165775;-23.6500657;23.62964095;133.1051184;0.723127884;Metode D
7105;Aceh;986.2352941;-23.76478992;23.63613445;133.4109244;0.723798319;Metode A
7106;Sumatera Utara;988.3540107;-23.87951413;23.64262796;133.7167303;0.724468755;Metode D
7107;Sumatera Barat;990.4727273;-23.99423835;23.64912147;134.0225363;0.72513919;Metode B
7108;Riau;992.5914439;-24.10896257;23.65561497;134.3283422;0.725809626;Metode B
7109;Jambi;994.7101604;-24.22368678;23.66210848;134.6341482;0.726480061;Metode C
7110;Sumatera Selatan;996.828877;-24.338411;23.66860199;134.9399542;0.727150497;Metode C
7111;Bengkulu;998.9475936;-24.45313522;23.67509549;135.2457601;0.727820932;Metode D
7171;Lampung;1001.06631;-24.56785943;23.681589;135.5515661;0.728491367;Metode B
7172;Bangka Belitung;1003.185027;-24.68258365;23.68808251;135.857372;0.729161803;Metode C
7173;Kepulauan Riau;1005.303743;-24.79730787;23.69457601;136.163178;0.729832238;Metode C
7174;DKI Jakarta;1007.42246;-24.91203209;23.70106952;136.468984;0.730502674;Metode C
7201;Jawa Barat;1009.541176;-25.0267563;23.70756303;136.7747899;0.731173109;Metode A
7202;Jawa Tengah;1011.659893;-25.14148052;23.71405653;137.0805959;0.731843545;Metode D
7203;DI Yogyakarta;1013.77861;-25.25620474;23.72055004;137.3864018;0.73251398;Metode C
7204;Jawa Timur;1015.897326;-25.37092895;23.72704354;137.6922078;0.733184416;Metode B
7205;Banten;1018.016043;-25.48565317;23.73353705;137.9980138;0.733854851;Metode C
7206;Bali;1020.134759;-25.60037739;23.74003056;138.3038197;0.734525286;Metode C
7207;Nusa Tenggara Barat;1022.253476;-25.7151016;23.74652406;138.6096257;0.735195722;Metode B
7208;Nusa Tenggara Timur;1024.372193;-25.82982582;23.75301757;138.9154316;0.735866157;Metode A
7209;Kalimantan Barat;1026.490909;-25.94455004;23.75951108;139.2212376;0.736536593;Metode A
7210;Kalimantan Tengah;1028.609626;-26.05927426;23.76600458;139.5270435;0.737207028;Metode D
7211;Kalimantan Selatan;1030.728342;-26.17399847;23.77249809;139.8328495;0.737877464;Metode A
7212;Kalimantan Timur;1032.847059;-26.28872269;23.7789916;140.1386555;0.738547899;Metode B
7271;Kalimantan Utara;1034.965775;-26.40344691;23.7854851;140.4444614;0.739218335;Metode D
7301;Sulawesi Utara;1037.084492;-26.51817112;23.79197861;140.7502674;0.73988877;Metode A
7302;Sulawesi Tengah;1039.203209;-26.63289534;23.79847212;141.0560733;0.740559206;Metode A
7303;Sulawesi Selatan;1041.321925;-26.74761956;23.80496562;141.3618793;0.741229641;Metode B
7304;Sulawesi Tenggara;1043.440642;-26.86234377;23.81145913;141.6676853;0.741900076;Metode C
7305;Gorontalo;1045.559358;-26.97706799;23.81795264;141.9734912;0.742570512;Metode B
7306;Sulawesi Barat;1047.678075;-27.09179221;23.82444614;142.2792972;0.743240947;Metode B
7307;Maluku;1049.796791;-27.20651642;23.83093965;142.5851031;0.743911383;Metode D
7308;Maluku Utara;1051.915508;-27.32124064;23.83743316;142.8909091;0.744581818;Metode C
7309;Papua;1054.034225;-27.43596486;23.84392666;143.196715;0.745252254;Metode C
7310;Papua Barat;1056.152941;-27.55068908;23.85042017;143.502521;0.745922689;Metode D
7311;Aceh;1058.271658;-27.66541329;23.85691367;143.808327;0.746593125;Metode A
7312;Sumatera Utara;1060.390374;-27.78013751;23.86340718;144.1141329;0.74726356;Metode D
7313;Sumatera Barat;1062.509091;-27.89486173;23.86990069;144.4199389;0.747933995;Metode B
7314;Riau;1064.627807;-28.00958594;23.87639419;144.7257448;0.748604431;Metode B
7315;Jambi;1066.746524;-28.12431016;23.8828877;145.0315508;0.749274866;Metode C
7316;Sumatera Selatan;1068.865241;-28.23903438;23.88938121;145.3373568;0.749945302;Metode C
7317;Bengkulu;1070.983957;-28.35375859;23.89587471;145.6431627;0.750615737;Metode D
7318;Lampung;1073.102674;-28.46848281;23.90236822;145.9489687;0.751286173;Metode B
7322;Bangka Belitung;1075.22139;-28.58320703;23.90886173;146.2547746;0.751956608;Metode C
7325;Kepulauan Riau;1077.340107;-28.69793125;23.91535523;146.5605806;0.752627044;Metode C
7326;DKI Jakarta;1079.458824;-28.81265546;23.92184874;146.8663866;0.753297479;Metode C
7371;Jawa Barat;1081.57754;-28.92737968;23.92834225;147.1721925;0.753967914;Metode A
7372;Jawa Tengah;1083.696257;-29.0421039;23.93483575;147.4779985;0.75463835;Metode D
7373;DI Yogyakarta;1085.814973;-29.15682811;23.94132926;147.7838044;0.755308785;Metode C
7401;Jawa Timur;1087.93369;-29.27155233;23.94782277;148.0896104;0.755979221;Metode B
7402;Banten;1090.052406;-29.38627655;23.95431627;148.3954163;0.756649656;Metode C
7403;Bali;1092.171123;-29.50100076;23.96080978;148.7012223;0.757320092;Metode C
7404;Nusa Tenggara Barat;1094.28984;-29.61572498;23.96730328;149.0070283;0.757990527;Metode B
7405;Nusa Tenggara Timur;1096.408556;-29.7304492;23.97379679;149.3128342;0.758660963;Metode A
7406;Kalimantan Barat;1098.527273;-29.84517341;23.9802903;149.6186402;0.759331398;Metode A
7407;Kalimantan Tengah;1100.645989;-29.95989763;23.9867838;149.9244461;0.760001833;Metode D
7408;Kalimantan Selatan;1102.764706;-30.07462185;23.99327731;150.2302521;0.760672269;Metode A
7409;Kalimantan Timur;1104.883422;-30.18934607;23.99977082;150.5360581;0.761342704;Metode B
7410;Kalimantan Utara;1107.002139;-30.30407028;24.00626432;150.841864;0.76201314;Metode D
7411;Sulawesi Utara;1109.120856;-30.4187945;24.01275783;151.14767;0.762683575;Metode A
7412;Sulawesi Tengah;1111.239572;-30.53351872;24.01925134;151.4534759;0.763354011;Metode A
7413;Sulawesi Selatan;1113.358289;-30.64824293;24.02574484;151.7592819;0.764024446;Metode B
7414;Sulawesi Tenggara;1115.477005;-30.76296715;24.03223835;152.0650879;0.764694882;Metode C
7415;Gorontalo;1117.595722;-30.87769137;24.03873186;152.3708938;0.765365317;Metode B
7471;Sulawesi Barat;1119.714439;-30.99241558;24.04522536;152.6766998;0.766035752;Metode B
7472;Maluku;1121.833155;-31.1071398;24.05171887;152.9825057;0.766706188;Metode D
7501;Maluku Utara;1123.951872;-31.22186402;24.05821238;153.2883117;0.767376623;Metode C
7502;Papua;1126.070588;-31.33658824;24.06470588;153.5941176;0.768047059;Metode C
7503;Papua Barat;1128.189305;-31.45131245;24.07119939;153.8999236;0.768717494;Metode D
7504;Aceh;1130.308021;-31.56603667;24.0776929;154.2057296;0.76938793;Metode A
7505;Sumatera Utara;1132.426738;-31.68076089;24.0841864;154.5115355;0.770058365;Metode D
7571;Sumatera Barat;1134.545455;-31.7954851;24.09067991;154.8173415;0.770728801;Metode B
7601;Riau;1136.664171;-31.91020932;24.09717341;155.1231474;0.771399236;Metode B
7602;Jambi;1138.782888;-32.02493354;24.10366692;155.4289534;0.772069672;Metode C
7603;Sumatera Selatan;1140.901604;-32.13965775;24.11016043;155.7347594;0.772740107;Metode C
7604;Bengkulu;1143.020321;-32.25438197;24.11665393;156.0405653;0.773410542;Metode D
7605;Lampung;1145.139037;-32.36910619;24.12314744;156.3463713;0.774080978;Metode B
7606;Bangka Belitung;1147.257754;-32.4838304;24.12964095;156.6521772;0.774751413;Metode C
8101;Kepulauan Riau;1149.376471;-32.59855462;24.13613445;156.9579832;0.775421849;Metode C
8102;DKI Jakarta;1151.495187;-32.71327884;24.14262796;157.2637892;0.776092284;Metode C
8103;Jawa Barat;1153.613904;-32.82800306;24.14912147;157.5695951;0.77676272;Metode A
8104;Jawa Tengah;1155.73262;-32.94272727;24.15561497;157.8754011;0.777433155;Metode D
8105;DI Yogyakarta;1157.851337;-33.05745149;24.16210848;158.181207;0.778103591;Metode C
8106;Jawa Timur;1159.970053;-33.17217571;24.16860199;158.487013;0.778774026;Metode B
8107;Banten;1162.08877;-33.28689992;24.17509549;158.7928189;0.779444461;Metode C
8108;Bali;1164.207487;-33.40162414;24.181589;159.0986249;0.780114897;Metode C
8109;Nusa Tenggara Barat;1166.326203;-33.51634836;24.18808251;159.4044309;0.780785332;Metode B
8171;Nusa Tenggara Timur;1168.44492;-33.63107257;24.19457601;159.7102368;0.781455768;Metode A
8172;Kalimantan Barat;1170.563636;-33.74579679;24.20106952;160.0160428;0.782126203;Metode A
8201;Kalimantan Tengah;1172.682353;-33.86052101;24.20756303;160.3218487;0.782796639;Metode D
8202;Kalimantan Selatan;1174.80107;-33.97524523;24.21405653;160.6276547;0.783467074;Metode A
8203;Kalimantan Timur;1176.919786;-34.08996944;24.22055004;160.9334607;0.78413751;Metode B
8204;Kalimantan Utara;1179.038503;-34.20469366;24.22704354;161.2392666;0.784807945;Metode D
8205;Sulawesi Utara;1181.157219;-34.31941788;24.23353705;161.5450726;0.78547838;Metode A
8206;Sulawesi Tengah;1183.275936;-34.43414209;24.24003056;161.8508785;0.786148816;Metode A
8207;Sulawesi Selatan;1185.394652;-34.54886631;24.24652406;162.1566845;0.786819251;Metode B
8208;Sulawesi Tenggara;1187.513369;-34.66359053;24.25301757;162.4624905;0.787489687;Metode C
8271;Gorontalo;1189.632086;-34.77831474;24.25951108;162.7682964;0.788160122;Metode B
8272;Sulawesi Barat;1191.750802;-34.89303896;24.26600458;163.0741024;0.788830558;Metode B
9101;Maluku;1193.869519;-35.00776318;24.27249809;163.3799083;0.789500993;Metode D
9102;Maluku Utara;1195.988235;-35.12248739;24.2789916;163.6857143;0.790171429;Metode C
9103;Papua;1198.106952;-35.23721161;24.2854851;163.9915202;0.790841864;Metode C
9104;Papua Barat;1200.225668;-35.35193583;24.29197861;164.2973262;0.791512299;Metode D
9105;Aceh;1202.344385;-35.46666005;24.29847212;164.6031322;0.792182735;Metode A
9111;Sumatera Utara;1204.463102;-35.58138426;24.30496562;164.9089381;0.79285317;Metode D
9112;Sumatera Barat;1206.581818;-35.69610848;24.31145913;165.2147441;0.793523606;Metode B
9201;Riau;1208.700535;-35.8108327;24.31795264;165.52055;0.794194041;Metode B
9202;Jambi;1210.819251;-35.92555691;24.32444614;165.826356;0.794864477;Metode C
9203;Sumatera Selatan;1212.937968;-36.04028113;24.33093965;166.132162;0.795534912;Metode C
9204;Bengkulu;1215.056684;-36.15500535;24.33743316;166.4379679;0.796205348;Metode D
9205;Lampung;1217.175401;-36.26972956;24.34392666;166.7437739;0.796875783;Metode B
9271;Bangka Belitung;1219.294118;-36.38445378;24.35042017;167.0495798;0.797546218;Metode C
9403;Kepulauan Riau;1221.412834;-36.499178;24.35691367;167.3553858;0.798216654;Metode C
9408;DKI Jakarta;1223.531551;-36.61390222;24.36340718;167.6611917;0.798887089;Metode C
9409;Jawa Barat;1225.650267;-36.72862643;24.36990069;167.9669977;0.799557525;Metode A
9419;Jawa Tengah;1227.768984;-36.84335065;24.37639419;168.2728037;0.80022796;Metode D
9420;DI Yogyakarta;1229.887701;-36.95807487;24.3828877;168.5786096;0.800898396;Metode C
9426;Jawa Timur;1232.006417;-37.07279908;24.38938121;168.8844156;0.801568831;Metode B
9427;Banten;1234.125134;-37.1875233;24.39587471;169.1902215;0.802239267;Metode C
9428;Bali;1236.24385;-37.30224752;24.40236822;169.4960275;0.802909702;Metode C
9471;Nusa Tenggara Barat;1238.362567;-37.41697173;24.40886173;169.8018335;0.803580138;Metode B
9501;Nusa Tenggara Timur;1240.481283;-37.53169595;24.41535523;170.1076394;0.804250573;Metode A
9502;Kalimantan Barat;1242.6;-37.64642017;24.42184874;170.4134454;0.804921008;Metode A
9503;Kalimantan Tengah;1244.718717;-37.76114439;24.42834225;170.7192513;0.805591444;Metode D
9504;Kalimantan Selatan;1246.837433;-37.8758686;24.43483575;171.0250573;0.806261879;Metode A
9601;Kalimantan Timur;1248.95615;-37.99059282;24.44132926;171.3308633;0.806932315;Metode B
9602;Kalimantan Utara;1251.074866;-38.10531704;24.44782277;171.6366692;0.80760275;Metode D
9603;Sulawesi Utara;1253.193583;-38.22004125;24.45431627;171.9424752;0.808273186;Metode A
9604;Sulawesi Tengah;1255.312299;-38.33476547;24.46080978;172.2482811;0.808943621;Metode A
9605;Sulawesi Selatan;1257.431016;-38.44948969;24.46730328;172.5540871;0.809614057;Metode B
9606;Sulawesi Tenggara;1259.549733;-38.5642139;24.47379679;172.859893;0.810284492;Metode C
9607;Gorontalo;1261.668449;-38.67893812;24.4802903;173.165699;0.810954927;Metode B
9608;Sulawesi Barat;1263.787166;-38.79366234;24.4867838;173.471505;0.811625363;Metode B
9701;Maluku;1265.905882;-38.90838655;24.49327731;173.7773109;0.812295798;Metode D
9702;Maluku Utara;1268.024599;-39.02311077;24.49977082;174.0831169;0.812966234;Metode C
9703;Papua;1270.143316;-39.13783499;24.50626432;174.3889228;0.813636669;Metode C
9704;Papua Barat;1272.262032;-39.25255921;24.51275783;174.6947288;0.814307105;Metode D
9705;Aceh;1274.380749;-39.36728342;24.51925134;175.0005348;0.81497754;Metode A
9706;Sumatera Utara;1276.499465;-39.48200764;24.52574484;175.3063407;0.815647976;Metode D
9707;Sumatera Barat;1278.618182;-39.59673186;24.53223835;175.6121467;0.816318411;Metode B
9708;Riau;1280.736898;-39.71145607;24.53873186;175.9179526;0.816988846;Metode B
